GetConfig,D:\harshit-golang-bookservice\src\config\config.go,2
init,D:\harshit-golang-bookservice\src\docs\docs.go,1
Run,D:\harshit-golang-bookservice\src\domain\bookServiceApp\application\routes\BookServiceRoutes.go,2
NewBookService,D:\harshit-golang-bookservice\src\domain\bookServiceApp\core\BookServiceAppFacade.go,2
GetBooks,D:\harshit-golang-bookservice\src\domain\bookServiceApp\core\BookServiceAppFacade.go,2
GetBookByID,D:\harshit-golang-bookservice\src\domain\bookServiceApp\core\BookServiceAppFacade.go,1
CreateBooks,D:\harshit-golang-bookservice\src\domain\bookServiceApp\core\BookServiceAppFacade.go,2
UpdateBookByID,D:\harshit-golang-bookservice\src\domain\bookServiceApp\core\BookServiceAppFacade.go,2
DeleteBookByID,D:\harshit-golang-bookservice\src\domain\bookServiceApp\core\BookServiceAppFacade.go,3
NewBookStore,D:\harshit-golang-bookservice\src\domain\bookServiceApp\infrastructure\BookStore.go,1
GetAllBooks,D:\harshit-golang-bookservice\src\domain\bookServiceApp\infrastructure\BookStore.go,4
GetByID,D:\harshit-golang-bookservice\src\domain\bookServiceApp\infrastructure\BookStore.go,2
CreateBook,D:\harshit-golang-bookservice\src\domain\bookServiceApp\infrastructure\BookStore.go,1
UpdateBook,D:\harshit-golang-bookservice\src\domain\bookServiceApp\infrastructure\BookStore.go,1
DeleteBook,D:\harshit-golang-bookservice\src\domain\bookServiceApp\infrastructure\BookStore.go,2
NewServiceAdapter,D:\harshit-golang-bookservice\src\domain\bookServiceApp\infrastructure\adapters\BookServiceAdapters.go,3
GetAllBooksHandler,D:\harshit-golang-bookservice\src\domain\bookServiceApp\infrastructure\adapters\BookServiceAdapters.go,3
CreateBooksHandler,D:\harshit-golang-bookservice\src\domain\bookServiceApp\infrastructure\adapters\BookServiceAdapters.go,3
GetBooksByIDHandler,D:\harshit-golang-bookservice\src\domain\bookServiceApp\infrastructure\adapters\BookServiceAdapters.go,4
UpdateBooksByIDHandler,D:\harshit-golang-bookservice\src\domain\bookServiceApp\infrastructure\adapters\BookServiceAdapters.go,3
DeleteBooksByIDHandler,D:\harshit-golang-bookservice\src\domain\bookServiceApp\infrastructure\adapters\BookServiceAdapters.go,2
Create,D:\harshit-golang-bookservice\src\domain\bookServiceApp\mocks\BookServiceMock.go,1
Find,D:\harshit-golang-bookservice\src\domain\bookServiceApp\mocks\BookServiceMock.go,1
First,D:\harshit-golang-bookservice\src\domain\bookServiceApp\mocks\BookServiceMock.go,1
Save,D:\harshit-golang-bookservice\src\domain\bookServiceApp\mocks\BookServiceMock.go,1
Delete,D:\harshit-golang-bookservice\src\domain\bookServiceApp\mocks\BookServiceMock.go,1
NewMockBookStore,D:\harshit-golang-bookservice\src\domain\bookServiceApp\mocks\BookServiceMock.go,1
makeMap,D:\harshit-golang-bookservice\src\domain\bookServiceApp\mocks\BookServiceMock.go,1
CreateBook,D:\harshit-golang-bookservice\src\domain\bookServiceApp\mocks\BookServiceMock.go,1
GetAllBooks,D:\harshit-golang-bookservice\src\domain\bookServiceApp\mocks\BookServiceMock.go,1
GetByID,D:\harshit-golang-bookservice\src\domain\bookServiceApp\mocks\BookServiceMock.go,1
UpdateBook,D:\harshit-golang-bookservice\src\domain\bookServiceApp\mocks\BookServiceMock.go,1
DeleteBook,D:\harshit-golang-bookservice\src\domain\bookServiceApp\mocks\BookServiceMock.go,1
TestBookAPI,D:\harshit-golang-bookservice\src\domain\bookServiceApp\mocks\Book_test.go,1
main,D:\harshit-golang-bookservice\src\main.go,1
BuildDB,D:\harshit-golang-bookservice\src\store\database.go,3
DbURL,D:\harshit-golang-bookservice\src\store\database.go,1
ConnectDB,D:\harshit-golang-bookservice\src\store\database.go,2
GetConfig,D:\harshit-golang-bookservice\src\config\config.go,2
init,D:\harshit-golang-bookservice\src\docs\docs.go,1
Run,D:\harshit-golang-bookservice\src\domain\bookServiceApp\application\routes\BookServiceRoutes.go,2
NewBookService,D:\harshit-golang-bookservice\src\domain\bookServiceApp\core\BookServiceAppFacade.go,2
GetBooks,D:\harshit-golang-bookservice\src\domain\bookServiceApp\core\BookServiceAppFacade.go,2
GetBookByID,D:\harshit-golang-bookservice\src\domain\bookServiceApp\core\BookServiceAppFacade.go,1
CreateBooks,D:\harshit-golang-bookservice\src\domain\bookServiceApp\core\BookServiceAppFacade.go,2
UpdateBookByID,D:\harshit-golang-bookservice\src\domain\bookServiceApp\core\BookServiceAppFacade.go,2
DeleteBookByID,D:\harshit-golang-bookservice\src\domain\bookServiceApp\core\BookServiceAppFacade.go,3
NewBookStore,D:\harshit-golang-bookservice\src\domain\bookServiceApp\infrastructure\BookStore.go,1
GetAllBooks,D:\harshit-golang-bookservice\src\domain\bookServiceApp\infrastructure\BookStore.go,4
GetByID,D:\harshit-golang-bookservice\src\domain\bookServiceApp\infrastructure\BookStore.go,2
CreateBook,D:\harshit-golang-bookservice\src\domain\bookServiceApp\infrastructure\BookStore.go,1
UpdateBook,D:\harshit-golang-bookservice\src\domain\bookServiceApp\infrastructure\BookStore.go,1
DeleteBook,D:\harshit-golang-bookservice\src\domain\bookServiceApp\infrastructure\BookStore.go,2
NewServiceAdapter,D:\harshit-golang-bookservice\src\domain\bookServiceApp\infrastructure\adapters\BookServiceAdapters.go,3
GetAllBooksHandler,D:\harshit-golang-bookservice\src\domain\bookServiceApp\infrastructure\adapters\BookServiceAdapters.go,3
CreateBooksHandler,D:\harshit-golang-bookservice\src\domain\bookServiceApp\infrastructure\adapters\BookServiceAdapters.go,3
GetBooksByIDHandler,D:\harshit-golang-bookservice\src\domain\bookServiceApp\infrastructure\adapters\BookServiceAdapters.go,4
UpdateBooksByIDHandler,D:\harshit-golang-bookservice\src\domain\bookServiceApp\infrastructure\adapters\BookServiceAdapters.go,3
DeleteBooksByIDHandler,D:\harshit-golang-bookservice\src\domain\bookServiceApp\infrastructure\adapters\BookServiceAdapters.go,2
Create,D:\harshit-golang-bookservice\src\domain\bookServiceApp\mocks\BookServiceMock.go,1
Find,D:\harshit-golang-bookservice\src\domain\bookServiceApp\mocks\BookServiceMock.go,1
First,D:\harshit-golang-bookservice\src\domain\bookServiceApp\mocks\BookServiceMock.go,1
Save,D:\harshit-golang-bookservice\src\domain\bookServiceApp\mocks\BookServiceMock.go,1
Delete,D:\harshit-golang-bookservice\src\domain\bookServiceApp\mocks\BookServiceMock.go,1
NewMockBookStore,D:\harshit-golang-bookservice\src\domain\bookServiceApp\mocks\BookServiceMock.go,1
makeMap,D:\harshit-golang-bookservice\src\domain\bookServiceApp\mocks\BookServiceMock.go,1
CreateBook,D:\harshit-golang-bookservice\src\domain\bookServiceApp\mocks\BookServiceMock.go,1
GetAllBooks,D:\harshit-golang-bookservice\src\domain\bookServiceApp\mocks\BookServiceMock.go,1
GetByID,D:\harshit-golang-bookservice\src\domain\bookServiceApp\mocks\BookServiceMock.go,1
UpdateBook,D:\harshit-golang-bookservice\src\domain\bookServiceApp\mocks\BookServiceMock.go,1
DeleteBook,D:\harshit-golang-bookservice\src\domain\bookServiceApp\mocks\BookServiceMock.go,1
TestBookAPI,D:\harshit-golang-bookservice\src\domain\bookServiceApp\mocks\Book_test.go,1
main,D:\harshit-golang-bookservice\src\main.go,1
BuildDB,D:\harshit-golang-bookservice\src\store\database.go,3
DbURL,D:\harshit-golang-bookservice\src\store\database.go,1
ConnectDB,D:\harshit-golang-bookservice\src\store\database.go,2
GetConfig,D:\harshit-golang-bookservice\src\config\config.go,2
init,D:\harshit-golang-bookservice\src\docs\docs.go,1
Run,D:\harshit-golang-bookservice\src\domain\bookServiceApp\application\routes\BookServiceRoutes.go,2
NewBookService,D:\harshit-golang-bookservice\src\domain\bookServiceApp\core\BookServiceAppFacade.go,2
GetBooks,D:\harshit-golang-bookservice\src\domain\bookServiceApp\core\BookServiceAppFacade.go,2
GetBookByID,D:\harshit-golang-bookservice\src\domain\bookServiceApp\core\BookServiceAppFacade.go,1
CreateBooks,D:\harshit-golang-bookservice\src\domain\bookServiceApp\core\BookServiceAppFacade.go,2
UpdateBookByID,D:\harshit-golang-bookservice\src\domain\bookServiceApp\core\BookServiceAppFacade.go,2
DeleteBookByID,D:\harshit-golang-bookservice\src\domain\bookServiceApp\core\BookServiceAppFacade.go,3
NewBookStore,D:\harshit-golang-bookservice\src\domain\bookServiceApp\infrastructure\BookStore.go,1
GetAllBooks,D:\harshit-golang-bookservice\src\domain\bookServiceApp\infrastructure\BookStore.go,4
GetByID,D:\harshit-golang-bookservice\src\domain\bookServiceApp\infrastructure\BookStore.go,2
CreateBook,D:\harshit-golang-bookservice\src\domain\bookServiceApp\infrastructure\BookStore.go,1
UpdateBook,D:\harshit-golang-bookservice\src\domain\bookServiceApp\infrastructure\BookStore.go,1
DeleteBook,D:\harshit-golang-bookservice\src\domain\bookServiceApp\infrastructure\BookStore.go,2
NewServiceAdapter,D:\harshit-golang-bookservice\src\domain\bookServiceApp\infrastructure\adapters\BookServiceAdapters.go,3
GetAllBooksHandler,D:\harshit-golang-bookservice\src\domain\bookServiceApp\infrastructure\adapters\BookServiceAdapters.go,3
CreateBooksHandler,D:\harshit-golang-bookservice\src\domain\bookServiceApp\infrastructure\adapters\BookServiceAdapters.go,3
GetBooksByIDHandler,D:\harshit-golang-bookservice\src\domain\bookServiceApp\infrastructure\adapters\BookServiceAdapters.go,4
UpdateBooksByIDHandler,D:\harshit-golang-bookservice\src\domain\bookServiceApp\infrastructure\adapters\BookServiceAdapters.go,3
DeleteBooksByIDHandler,D:\harshit-golang-bookservice\src\domain\bookServiceApp\infrastructure\adapters\BookServiceAdapters.go,2
Create,D:\harshit-golang-bookservice\src\domain\bookServiceApp\mocks\BookServiceMock.go,1
Find,D:\harshit-golang-bookservice\src\domain\bookServiceApp\mocks\BookServiceMock.go,1
First,D:\harshit-golang-bookservice\src\domain\bookServiceApp\mocks\BookServiceMock.go,1
Save,D:\harshit-golang-bookservice\src\domain\bookServiceApp\mocks\BookServiceMock.go,1
Delete,D:\harshit-golang-bookservice\src\domain\bookServiceApp\mocks\BookServiceMock.go,1
NewMockBookStore,D:\harshit-golang-bookservice\src\domain\bookServiceApp\mocks\BookServiceMock.go,1
makeMap,D:\harshit-golang-bookservice\src\domain\bookServiceApp\mocks\BookServiceMock.go,1
CreateBook,D:\harshit-golang-bookservice\src\domain\bookServiceApp\mocks\BookServiceMock.go,1
GetAllBooks,D:\harshit-golang-bookservice\src\domain\bookServiceApp\mocks\BookServiceMock.go,1
GetByID,D:\harshit-golang-bookservice\src\domain\bookServiceApp\mocks\BookServiceMock.go,1
UpdateBook,D:\harshit-golang-bookservice\src\domain\bookServiceApp\mocks\BookServiceMock.go,1
DeleteBook,D:\harshit-golang-bookservice\src\domain\bookServiceApp\mocks\BookServiceMock.go,1
TestBookAPI,D:\harshit-golang-bookservice\src\domain\bookServiceApp\mocks\Book_test.go,1
main,D:\harshit-golang-bookservice\src\main.go,1
BuildDB,D:\harshit-golang-bookservice\src\store\database.go,3
DbURL,D:\harshit-golang-bookservice\src\store\database.go,1
ConnectDB,D:\harshit-golang-bookservice\src\store\database.go,2
CodeManager,D:\harshit-golang-bookservice\src\utils\CodeManagement.go,0
FileLogger,D:\harshit-golang-bookservice\src\utils\loggerUtils\logger.go,0
GetConfig,D:\harshit-golang-bookservice\src\config\config.go,2
init,D:\harshit-golang-bookservice\src\docs\docs.go,1
Run,D:\harshit-golang-bookservice\src\domain\bookServiceApp\application\routes\BookServiceRoutes.go,2
NewBookService,D:\harshit-golang-bookservice\src\domain\bookServiceApp\core\BookServiceAppFacade.go,2
GetBooks,D:\harshit-golang-bookservice\src\domain\bookServiceApp\core\BookServiceAppFacade.go,2
GetBookByID,D:\harshit-golang-bookservice\src\domain\bookServiceApp\core\BookServiceAppFacade.go,1
CreateBooks,D:\harshit-golang-bookservice\src\domain\bookServiceApp\core\BookServiceAppFacade.go,2
UpdateBookByID,D:\harshit-golang-bookservice\src\domain\bookServiceApp\core\BookServiceAppFacade.go,2
DeleteBookByID,D:\harshit-golang-bookservice\src\domain\bookServiceApp\core\BookServiceAppFacade.go,3
NewBookStore,D:\harshit-golang-bookservice\src\domain\bookServiceApp\infrastructure\BookStore.go,1
GetAllBooks,D:\harshit-golang-bookservice\src\domain\bookServiceApp\infrastructure\BookStore.go,4
GetByID,D:\harshit-golang-bookservice\src\domain\bookServiceApp\infrastructure\BookStore.go,2
CreateBook,D:\harshit-golang-bookservice\src\domain\bookServiceApp\infrastructure\BookStore.go,1
UpdateBook,D:\harshit-golang-bookservice\src\domain\bookServiceApp\infrastructure\BookStore.go,1
DeleteBook,D:\harshit-golang-bookservice\src\domain\bookServiceApp\infrastructure\BookStore.go,2
NewServiceAdapter,D:\harshit-golang-bookservice\src\domain\bookServiceApp\infrastructure\adapters\BookServiceAdapters.go,3
GetAllBooksHandler,D:\harshit-golang-bookservice\src\domain\bookServiceApp\infrastructure\adapters\BookServiceAdapters.go,3
CreateBooksHandler,D:\harshit-golang-bookservice\src\domain\bookServiceApp\infrastructure\adapters\BookServiceAdapters.go,3
GetBooksByIDHandler,D:\harshit-golang-bookservice\src\domain\bookServiceApp\infrastructure\adapters\BookServiceAdapters.go,4
UpdateBooksByIDHandler,D:\harshit-golang-bookservice\src\domain\bookServiceApp\infrastructure\adapters\BookServiceAdapters.go,3
DeleteBooksByIDHandler,D:\harshit-golang-bookservice\src\domain\bookServiceApp\infrastructure\adapters\BookServiceAdapters.go,2
Create,D:\harshit-golang-bookservice\src\domain\bookServiceApp\mocks\BookServiceMock.go,1
Find,D:\harshit-golang-bookservice\src\domain\bookServiceApp\mocks\BookServiceMock.go,1
First,D:\harshit-golang-bookservice\src\domain\bookServiceApp\mocks\BookServiceMock.go,1
Save,D:\harshit-golang-bookservice\src\domain\bookServiceApp\mocks\BookServiceMock.go,1
Delete,D:\harshit-golang-bookservice\src\domain\bookServiceApp\mocks\BookServiceMock.go,1
NewMockBookStore,D:\harshit-golang-bookservice\src\domain\bookServiceApp\mocks\BookServiceMock.go,1
makeMap,D:\harshit-golang-bookservice\src\domain\bookServiceApp\mocks\BookServiceMock.go,1
CreateBook,D:\harshit-golang-bookservice\src\domain\bookServiceApp\mocks\BookServiceMock.go,1
GetAllBooks,D:\harshit-golang-bookservice\src\domain\bookServiceApp\mocks\BookServiceMock.go,1
GetByID,D:\harshit-golang-bookservice\src\domain\bookServiceApp\mocks\BookServiceMock.go,1
UpdateBook,D:\harshit-golang-bookservice\src\domain\bookServiceApp\mocks\BookServiceMock.go,1
DeleteBook,D:\harshit-golang-bookservice\src\domain\bookServiceApp\mocks\BookServiceMock.go,1
TestBookAPI,D:\harshit-golang-bookservice\src\domain\bookServiceApp\mocks\Book_test.go,1
main,D:\harshit-golang-bookservice\src\main.go,1
BuildDB,D:\harshit-golang-bookservice\src\store\database.go,3
DbURL,D:\harshit-golang-bookservice\src\store\database.go,1
ConnectDB,D:\harshit-golang-bookservice\src\store\database.go,2
CodeManager,D:\harshit-golang-bookservice\src\utils\CodeManagement.go,0
FileLogger,D:\harshit-golang-bookservice\src\utils\loggerUtils\logger.go,0
GetConfig,D:\harshit-golang-bookservice\src\config\config.go,2
init,D:\harshit-golang-bookservice\src\docs\docs.go,1
Run,D:\harshit-golang-bookservice\src\domain\bookServiceApp\application\routes\BookServiceRoutes.go,2
NewBookService,D:\harshit-golang-bookservice\src\domain\bookServiceApp\core\BookServiceAppFacade.go,2
GetBooks,D:\harshit-golang-bookservice\src\domain\bookServiceApp\core\BookServiceAppFacade.go,2
GetBookByID,D:\harshit-golang-bookservice\src\domain\bookServiceApp\core\BookServiceAppFacade.go,1
CreateBooks,D:\harshit-golang-bookservice\src\domain\bookServiceApp\core\BookServiceAppFacade.go,2
UpdateBookByID,D:\harshit-golang-bookservice\src\domain\bookServiceApp\core\BookServiceAppFacade.go,2
DeleteBookByID,D:\harshit-golang-bookservice\src\domain\bookServiceApp\core\BookServiceAppFacade.go,3
NewBookStore,D:\harshit-golang-bookservice\src\domain\bookServiceApp\infrastructure\BookStore.go,1
GetAllBooks,D:\harshit-golang-bookservice\src\domain\bookServiceApp\infrastructure\BookStore.go,4
GetByID,D:\harshit-golang-bookservice\src\domain\bookServiceApp\infrastructure\BookStore.go,2
CreateBook,D:\harshit-golang-bookservice\src\domain\bookServiceApp\infrastructure\BookStore.go,1
UpdateBook,D:\harshit-golang-bookservice\src\domain\bookServiceApp\infrastructure\BookStore.go,1
DeleteBook,D:\harshit-golang-bookservice\src\domain\bookServiceApp\infrastructure\BookStore.go,2
NewServiceAdapter,D:\harshit-golang-bookservice\src\domain\bookServiceApp\infrastructure\adapters\BookServiceAdapters.go,3
GetAllBooksHandler,D:\harshit-golang-bookservice\src\domain\bookServiceApp\infrastructure\adapters\BookServiceAdapters.go,3
CreateBooksHandler,D:\harshit-golang-bookservice\src\domain\bookServiceApp\infrastructure\adapters\BookServiceAdapters.go,3
GetBooksByIDHandler,D:\harshit-golang-bookservice\src\domain\bookServiceApp\infrastructure\adapters\BookServiceAdapters.go,4
UpdateBooksByIDHandler,D:\harshit-golang-bookservice\src\domain\bookServiceApp\infrastructure\adapters\BookServiceAdapters.go,3
DeleteBooksByIDHandler,D:\harshit-golang-bookservice\src\domain\bookServiceApp\infrastructure\adapters\BookServiceAdapters.go,2
Create,D:\harshit-golang-bookservice\src\domain\bookServiceApp\mocks\BookServiceMock.go,1
Find,D:\harshit-golang-bookservice\src\domain\bookServiceApp\mocks\BookServiceMock.go,1
First,D:\harshit-golang-bookservice\src\domain\bookServiceApp\mocks\BookServiceMock.go,1
Save,D:\harshit-golang-bookservice\src\domain\bookServiceApp\mocks\BookServiceMock.go,1
Delete,D:\harshit-golang-bookservice\src\domain\bookServiceApp\mocks\BookServiceMock.go,1
NewMockBookStore,D:\harshit-golang-bookservice\src\domain\bookServiceApp\mocks\BookServiceMock.go,1
makeMap,D:\harshit-golang-bookservice\src\domain\bookServiceApp\mocks\BookServiceMock.go,1
CreateBook,D:\harshit-golang-bookservice\src\domain\bookServiceApp\mocks\BookServiceMock.go,1
GetAllBooks,D:\harshit-golang-bookservice\src\domain\bookServiceApp\mocks\BookServiceMock.go,1
GetByID,D:\harshit-golang-bookservice\src\domain\bookServiceApp\mocks\BookServiceMock.go,1
UpdateBook,D:\harshit-golang-bookservice\src\domain\bookServiceApp\mocks\BookServiceMock.go,1
DeleteBook,D:\harshit-golang-bookservice\src\domain\bookServiceApp\mocks\BookServiceMock.go,1
TestBookAPI,D:\harshit-golang-bookservice\src\domain\bookServiceApp\mocks\Book_test.go,1
main,D:\harshit-golang-bookservice\src\main.go,1
BuildDB,D:\harshit-golang-bookservice\src\store\database.go,3
DbURL,D:\harshit-golang-bookservice\src\store\database.go,1
ConnectDB,D:\harshit-golang-bookservice\src\store\database.go,2
CodeManager,D:\harshit-golang-bookservice\src\utils\CodeManagement.go,0
FileLogger,D:\harshit-golang-bookservice\src\utils\loggerUtils\logger.go,0
